link,date,author,desc,title,text,rubric,diff
https://nplus1.ru//news/2021/12/10/heavy-dark-matter,2021-12-10,Андрей Фельдман,,Ученые предложили новую модель темной материи с тяжелыми составными частицами,"Группа физиков-теоретиков предложила новую модель темной материи, в которой набор фундаментальных частиц и их взаимодействий похож на сильно-взаимодействующий сектор Стандартной модели, описываемый квантовой хромодинамикой. В рамках этого описания наблюдаемая в настоящее время темная материя состоит из аналогов привычных нам сильно-взаимодействующих частиц, но с темными кварками и глюонами входящими в их состав. Эти частицы образуются в ранней Вселенной во время фазового перехода конфайнмент/деконфаймент и имеют большую массу, а также потенциально достаточно сильно взаимодействуют с частицами Стандартной модели, что объясняет трудности с их экспериментальным обнаружением в лабораторных экспериментах. Исследование опубликовано в Physical Review Letters.Астрономические наблюдения за темпом расширения Вселенной, скоростью движения звезд в галактиках, а также теоретический анализ темпа формирования последних, указывают на то, что около 85 процентов массы вещества приходится на темную материю. Главным кандидатом на роль ее составляющих считаются массивные элементарные частицы, участвующие только в слабом и гравитационном взаимодействиях — вимпы (WIMP, weakly interacting massive particle), однако не существует общепринятой теории, описывающей количество этих частиц, их свойства, а также детали их взаимодействия друг с другом и с другими частицами.Одна из гипотез происхождения темной материи гласит, что ее частицы могут быть составными, и устроены они аналогично привычным нам адронам, состоящим из кварков и глюонов. В таких теориях существует характерный масштаб энергий Λ, при котором происходит конфайнмент — если энергия взаимодействующих фундаментальных частиц падает ниже этой энергии, то они объединяются в темный адрон. Когда физики рассматривают космологическую эволюцию темной материи, то возможны два варианта: Λ больше энергии, при которой происходит вымораживание темных кварков, то есть их выпадение из термодинамического равновесия с другими частицами, или же она меньше. Первый вариант рассматривался учеными ранее, и приводил к результатам качественно близким к другим моделям темной энергии, состоящей из вимпов.Группа физиков-теоретиков из Израиля и США под руководством Юрия Смирнова (Juri Smirnov) из университета Огайо детально проанализировала космологическую эволюцию составной темной материи в ситуации, когда вымораживание происходит раньше фазового перехода конфайнмент/деконфайнмент в процессе расширения Вселенной, и выяснила, что в этом случае она существенно отличается от того, что происходит в других моделях этого типа вещества. Фундаментальными составляющими темной материи в предложенной физиками модели являются нехиральные темные кварки и антикварки трех цветов, а также темные глюоны, переносящие аналогичное сильному взаимодействие между кварками. В отличие от Стандартной модели, темный сектор содержит всего один аромат кварков, масса которых mq к тому же очень велика — более чем в 100 раз превышает масштаб темного конфайнмента, а это означает, что к моменту, когда температура Вселенной опускается до энергии Λ, темные кварки являются глубоко нерелятивистскими, а такие частицы всегда вымораживаются.Образование составных частиц, из которых темная материя предположительно состоит сегодня, происходило следующим образом. Пока температура Вселенной существенно превышает Λ, темный сектор материи находится в фазе деконфаймента и частицы этого сектора представляют собой кварк-глюонную плазму. Когда температура подходит к энергии фазового перехода достаточно близко, во Вселенной начинают образовываться пузыри нового вакуума, в котором происходит конфайнмент темной материи. Эти пузыри растут, и «толкают» перед собой темные кварки, которым энергетически невыгодно находиться внутри пузыря новой фазы. Энергия кварков при попадании в пузырь стала бы гораздо больше, чем снаружи, так как в фазе конфайнмента между кварками обязательно образуется трубка глюонного поля, энергия которой пропорциональна ее длине. Для темного кварка, случайно попавшего внутрь пузыря, расстояние до другого кварка там скорее всего было бы достаточно большим, а значит большой была бы и энергия глюонной трубки. Если бы масса кварков была меньше или сравнима с масштабом темного конфайнмента Λ, то трубка могла бы разорваться из-за образования кварк-антикварковой пары, превратившей новый кварк и один из кварков внутри пузыря в два темных мезона, но для тяжелых кварков такой процесс еще более невыгоден энергетически. Из-за этого и возникает качественное различие в космологической эволюции темной материи при mq > Λ и mq < Λ.Со временем пузыри вакуума фазы конфайнмента вырастают настолько, что их объем становится больше, чем объем пространства с вакуумом деконфайнмента, которое само начинает превращаться в изолированные пузыри, содержащие в себе все темные кварки и антикварки. Количество темных частиц и античастиц очень близко, а потому почти все собранные в сжимающихся пузырях старой фазы кварки и антикварки аннигилируют. В каждом таком пузыре случайным образом образуется небольшой избыток темных кварков или антикварков, которым аннигилировать не с чем, и они формируют темные барионы или антибарионы, которые и представляют собой составные частицы темной материи в вакууме конфайнмента, когда пузыри старой фазы окончательно схлопнутся. Так как почти вся изначально существовавшая темная материя аннигилирует, после завершения фазового перехода остается мало ее составных частиц.Чтобы получить реалистичную полную массу темной материи, которую мы сейчас наблюдаем, масса одного темного бариона должна быть порядка 103–105 тераэлектронвольт. То, что частиц темной материи мало, а их масса велика, хорошо объясняет трудности с их экспериментальным обнаружением в лабораторных экспериментах. Астрофизики могут не видеть негравитационные взаимодействия частиц темной материи с другими не из-за слабости этого взаимодействия, а из-за его редкости, и если это взаимодействие сильно, то частицы темной материи не могут долететь до подземных детекторов типа XENON из-за их взаимодействия с веществом земной коры. В ускорителях же такие тяжелые частицы не могут родиться просто из-за того, что их массы существенно превышают энергии сталкивающихся там частиц.",Физика,['8.7']
https://nplus1.ru//news/2021/12/10/batman-river-loach-returns,2021-12-10,Сергей Коленов,,Турецкие ихтиологи переоткрыли «вымершую» рыбу спустя почти 50 лет,"Ихтиологи переоткрыли батманского гольца — редкую рыбу, которая обитает в реках на юго-востоке Турции. Представителей этого вида не наблюдали с 1974 года, поэтому многие ученые считали, будто они вымерли. Гольцов удалось обнаружить в двух ручьях — и их популяция здесь, похоже, стабильна. Однако, как отмечается в пресс-релизе природоохранной организации Shoal, скорее всего, на этих рыбах негативно сказываются загрязнение, засухи и строительство плотин.Обитатели рек, озер и болот по всему миру сильно страдают от последствий человеческой деятельности. Многие из них оказались под угрозой вымирания из-за осушения водоемов, строительства дамб и гидроэлектростанций, загрязнения воды, распространения инвазивных видов и чрезмерного промысла. В первую очередь это касается пресноводной мегафауны, например, крупных рыб и черепах, речных дельфинов и гигантских выдр. Отдельные ее представители, например, китайский псефур (Psephurus gladius) и китайский речной дельфин (Lipotes vexillifer), скорее всего исчезли, а другие, включая черепах Свайно (Rafetus swinhoei), рискуют последовать за ними в ближайшие годы.Однако среди мелких пресноводных животных также достаточно видов, которые находятся в критическом положении. Некоторые из них не попадались людям на глаза уже много лет. В попытке привлечь внимание к этой проблеме природоохранные организации Shoal и Re:wild составили список из десяти «потерянных» видов пресноводных рыб, которых ученые не встречали как минимум десять лет. В него вошли, в частности, такие виды, как сырдарьинский лопатонос (Pseudoscaphirhynchus fedtschenkoi), мадагаскарская цихлида Ptychochromoides itasy и слепая иракская рыба Caecocypris basimi. Сотрудники Shoal и Re:wild намерены сосредоточить усилия на поиске этих рыб, в первую очередь за счет сотрудничества с исследовательскими командами на местах.Инициатива Shoal и Re:wild уже начала давать первые плоды. Турецкие ихтиологи Джюнейт Кая (Cüneyt Kaya) и Мюневвер Орал (Münevver Oral) из Университета Реджепа Тайипа Эрдогана сумели переоткрыть батманского гольца Paraschistura chrysicristinae. Эта мелкая, длиной до 3,6 сантиметра, полосатая рыба из семейства немахейловых (Nemacheilidae) обитает исключительно на юго-востоке Турции, в реке Батман, ручье Амбар и их притоках.Попытки найти гольцов на участках, где их встречали в 1970 годах (сейчас они находятся ниже по течению от плотины на реке Батман), оказались безуспешными. Поэтому в октябре-ноябре этого года Кая и Орал обследовали ручьи Сарим и Хан, которые впадают в реку Батман выше по течению от плотины. Здесь исследователям наконец улыбнулась удача: в Сариме они поймали четырнадцать батманских гольцов, а в Хане — девять. Возможно, успех поисков связан с тем, что в этот раз Кая и Орал использовали сачки с более мелкой ячеей, из которых этим мелким рыбам труднее сбежать.Ученым удалось доказать, что батманский голец не вымер. Однако теперь им предстоит работа по оценке угроз, с которыми сталкивается этот вид. Исследователи отмечают, что батманские гольцы очень мелкие, поэтому местные жители их не ловят, предпочитая добывать, например, форель. Это значит, что промысел этим рыбам не угрожает. Более того, популяция вида кажется стабильной. Тем не менее, исследователи опасаются, что гольцы могут пострадать из-за загрязнения, засух и дробления популяции из-за плотины. Чтобы помочь редким рыбам выжить, они намерены запустить в регионе образовательную программу.","Зоология
Экология и климат",['2.5']
https://nplus1.ru//news/2021/12/10/nanographene-reduction,2021-12-10,Михаил Бойм,,Щелочные металлы селективно восстановили нанографен,"Химикам впервые удалось селективно восстановить фрагмент наноразмерного бислоя графена. Они использовали калий и рубидий для реакции восстановления, а затем определили структуру продуктов и изучили механизм реакции. Оказалось, что превращение протекает через последовательное присоединение трех электронов и отрыв атомов водорода от молекул воды, пишут ученые в Angewandte Chemie.Обычный графен (графитовый монослой) имеет нулевую ширину запрещенной зоны, то есть является проводником, что ограничивает сферы его применения. Но ученые научились синтезировать нанографеновые частицы, обладающие полупроводниковыми свойствами. Это позволило применить материалы из графена в оптоэлектронике.Одна из распространенных реакций таких соединений — интеркаляция щелочных металлов. В этом процессе атомы металла встраиваются между слоями из углеродных колец. Некоторые из таких соединений обладают необычными физическими свойствами, поэтому они вызывают у химиков особый интерес.Группа исследователей под руководством Марины Петрухиной (Marina S. Petrukhina) из Университета в Олбани и Насарио Мартина (Nazario Martin) из Мадридского университета Комплутенсе решила выяснить, как бислой нанографена может реагировать с калием или рубидием. Для этого они использовали ранее синтезированный в их лаборатории нанографен, в котором два графеновых слоя связаны гелиценовым фрагментом (спиралью из шестичленных углеродных колец).Такой результат удивил химиков, потому что нанографен содержит множество похожих углерод-углеродных связей, каждая из которых способна восстанавливаться. При этом в реакцию вступил только один небольшой фрагмент бислоя. Чтобы объяснить это явление, химики провели компьютерный расчет механизма реакции с помощью метода DFT (Density Functional Theory). В результате оказалось, что орбиталь, принимающая на себя электроны щелочных металлов, локализована именно на спиральном фрагменте нанографена. Причем дополнительная электронная плотность сосредотачивается на тех атомах, которые затем отщепляют водород от молекул воды, находящихся в полостях нанографеновой структуры.",Химия,['6.7']
https://nplus1.ru//news/2021/12/10/hifly,2021-12-10,Василиса Чернявцева,,Российский производитель майонеза испытал аэротакси собственной разработки,"Компания «Эфко», известная майонезом, подсолнечным маслом и кетчупом «Слобода», показала испытания прототипа аэротакси Hi-Fly Taxi в беспилотном режиме. В конце следующего года Hi-Fly Taxi будет летать по выделенным маршрутам в Белгородской области.Аэротакси — это собирательный термин для небольших электрических летательных аппаратов с вертикальным взлетом и посадкой, способных перевозить несколько человек. Их разработкой сегодня занимается целый ряд компаний от стартапов, как Vertical Aerospace, до авиастроительных концернов, как Airbus. Инновационный центр «Бирюч» компании «Эфко» занимается разработкой Hi-Fly Taxi с прошлого декабря. Аэротакси представляет собой мультикоптер с 16 электрическими двигателями, расположенными в двух плоскостях. Разработчики говорят, что такая конструкция позволяет достичь оптимального соотношения между маневренностью и устойчивостью.Hi-Fly Taxi семь метров в длину и два — в высоту. Дальность полета аэротакси оценивается в 150 километров, скорость — в 150 километров в час, а грузоподъемность — в 200 килограмм. «Эфко» 10 декабря показала летные испытания прототипа Hi-Fly Taxi. Первый успешный полет аппарата прошел в октябре 2021 года в беспилотном режиме. До этого он уже поднимался в воздух, но в ручном режиме и не всегда удачно. Например, в сентябре во время тестирования без противопереворотной системы у аэротакси отказал компас и произошла небольшая авария. Пока прототип Hi-Fly Taxi может пролетать до 15 километров и перевозить грузы до 120 килограмм. Он оснащен литий-ионными аккумуляторами. Разработчики планируют, что в следующем году аэротакси начнет летать по выделенным маршрутам в Белгородской области на расстояние до 50 километров. Кроме аэротакси «Эфко» создает грузовой беспилотник Hi-Fly Cargo и планирует запустить их в серийное производство к 2024 году. Предполагается, что к этому моменту Hi-Fly Cargo сможет летать на расстояния до 600 километров со скоростью до 300 километров в час, перевозить до 220 килограмм. Продолжительность полета беспилотника должна составить 180 минут. Первый перелет Hi-Fly Cargo из Алексеевки в Белгород запланирован на 2028 год. ",Авиация,['2.5']
https://nplus1.ru//news/2021/12/10/multiphonon-subtraction,2021-12-10,Марат Хамадеев,,Вычитание фононов с помощью света сделало звук неклассическим,"Физики продемонстрировали возможность вычитания одного и двух фононов из резонатора, унося их энергию с помощью лазерных фотонов. Исследование рассеянного света позволило им провести томографию механического состояния оставшихся фононов, что подтвердило их неклассическую статистику. Работа опубликована в Physical Review Letters.С ростом числа частиц физическим системам свойственно переходить из квантового режима в режим классический. В каждом конкретном случае эта граница своя, и физики по всему миру ищут способы, чтобы сдвинуть ее как можно дальше. Венцом этого процесса стало бы наблюдение состояния квантовой суперпозиции макроскопического тела, кажущуюся абсурдность которой пытался подчеркнуть Шрёдингер с помощью своего знаменитого кота. На сегодняшний день физики добились такого эффекта для не слишком больших объектов, например, 10-микрометровых мембран.Другим отклонением от классического поведения оказывается статистическое распределение по доступным степеням свободы физической системы. Речь идет, например, о числе фотонов или фононов. При переходе к большому числу частиц системы быстро термализуются, то есть неизбежно переходят в состояние, в котором статистика подчиняется распределению Гаусса. Если же удается добиться негауссовой статистики, то такое состояние оказывается неклассическим. В частном случае неклассическое состояние можно представить в виде квантовой суперпозиции классических состояний, что получило название состояний кота Шрёдингера.Важным этапом на пути к созданию таких состояний стала возможность манипуляции отдельными фотонами или фононами, а также прогресс в области квантовой оптомеханики. Физики уже научились видеть вычитание и добавление одиночных квантов звука. И если раньше для этого нужны были низкие температуры, то недавно ученые смогли добиться этого при комнатной температуре и зафиксировать соответствующую негауссову статистику.Группа физиков из Австралии и Великобритании при участии Майкла Вэннера (Michael Vanner) из Имперского колледжа Лондона пошла дальше и, увеличив точность квантовой томографии, пронаблюдала состояния, которые получаются при вычитании двух фотонов. Авторы подтвердили, что, как и в случае вычитания одиночного фотона, среднее число частиц в таких состояниях испытывает контринтуитивное умножение. Если для одиночного вычитания оно удваивается, то для двойного вычитания — утраивается.Чтобы сделать это, физики создавали два оптических резонатора из фторида бария с модами шепчущей галереи в непосредственной близости относительно друг друга. Резонаторы были настроены на частоту лазера, но немного отличались так, чтобы разница между энергиями запасенных ими фотонов равнялась энергии возбужденных в образце фононов. Это давало авторам возможность фиксировать увеличение и уменьшение числа фононов на единицу, наблюдая за стоксовым и антистоксовым обменом энергией между резонаторами с помощью детектирования соответствующих одиночных фотонов, попадающих на лавинный детектор.Помимо управляющей функции, лазерное излучение, провзаимодействовавшее с фононами, несло информацию об их статистике. Для томографии механического состояния такие фотоны через дополнительный волновод передавались на балансный гетеродинный детектор. Сигнал с лавинного детектора запускал в нем сравнение состояний фотонов с когерентными состояниями, что позволяло физикам извлекать функцию Вигнера, характеризующую статистику механический степеней свободы.  Авторы настроили свою установку для вычитания одного и двух фононов и измерили соответствующие s-параметризованных функции Вигнера. Они убедились, что сразу после вычитания статистика фононов имеет существенно негауссовый характер, что выражается в кольцеподобном виде этих функций в фазовом пространстве. Радиус этих колец с хорошей точностью отражал удвоение и утроение среднего числа фононов, предсказываемое теорией.","Физика
Звук",['7.3']
https://nplus1.ru//news/2021/12/10/macrobat,2021-12-10,Василиса Чернявцева,,Африканцы показали концепцию самолета на птичьих ногах,"Южноафриканский стартап Phractyl представил концепцию электрического самолета Macrobat в виде птицы. Он отличается гусеничными опорами, напоминающими птичьи ноги, и частично отклоняемым крылом. Разработчики обещают, что Macrobat сможет взлетать и садиться почти вертикально и развивать скорость до 180 километров в час. Разработчики летательных аппаратов, как и другие инженеры, периодически вдохновляются живой природой. Например, европейский авиаконцерн Airbus создал самолетное крыло, как у альбатроса, а инженеры из канадского Шербрукского университета — беспилотник с когтистыми лапками для посадки на вертикальные поверхности.Южноафриканский стартап Phractyl представил концепцию своего электрического самолета Macrobat в ноябре. Вместо шасси у него две опоры, внешне напоминающие птичьи ноги. Они оборудованы мощными моторами в бедрах, коленях и щиколотках, позволяющими поднимать, опускать и поворачивать фюзеляж, а также гусеничными лентами. Последние должны облегчить Macrobat передвижение по неровному грунту. При взлете ноги поднимают кабину на максимальную высоту, отклоняют ее назад настолько, насколько позволяет хвост, и отклоняет крыло таким образом, чтобы винты на крыльях оказались под углом вверх. В результате Macrobat взлетает почти вертикально. В воздухе опоры складываются и убираются, чтобы снизить лобовое сопротивление. Во время посадки кабина тоже наклоняется назад примерно на 45 градусов. В таком положении пилоту сложно будет увидеть место приземления, и как разработчики планируют решить эту проблему, неясно. Еще один вопрос — смогут ли опоры достаточно смягчить посадку и не дать самолету упасть носом в землю. По проекту Macrobat будет одноместным летательным аппаратом с дальностью полета 150 километров. Он сможет нести до 150 килограмм полезной нагрузки и развивать скорость до 180 километров в час. Macrobat также можно будет управлять дистанционно. Кроме изображений и небольшой деревянной модели самолета у Phractyl есть прототипы его двигательной системы, которые они сейчас тестируют. Разработчики работают над созданием полномасштабного прототипа Macrobat и ищут спонсоров. ",Авиация,['2.2']
https://nplus1.ru//news/2021/12/10/child-mummy,2021-12-10,Михаил Подрезов,,Скифская девочка-воин из Тывы пострадала от рахита,"Биоархеологи исследовали с помощью микрофокусной рентгенографии останки девочки раннескифского времени, которые нашли еще в 1988 году в Тыве. При ней находились хорошо сохранившиеся лук, колчан и стрелы, поэтому исследователи назвали ее воином. Оказалось, что на момент смерти ей было всего шесть–семь лет, а ее рацион основывался на растительной пище. Ученые обнаружили, что девочка перенесла рахит, хотя, вероятно, обладала высоким социальным статусом. Результаты исследования опубликованы в журнале Уральский исторический вестник.В раннем железном веке степную и лесостепную зоны Евразии от Северного Причерноморья до Южной Сибири населяли племена, относящиеся к скифской культурно-исторической общности, которую объединяла так называемая «скифская триада». Так, в VIII–VI веках до нашей эры на территории современной Республики Тыва сложилась алды-бельская археологическая культура, которая известна в основном по погребальным комплексам, например, по курганам с каменным панцирем или кургану Аржан-2, расположенному в скифской «Долине царей».В ходе охранно-спасательных работ, предварявших строительство и запуск Саяно-Шушенской ГЭС, археологи обнаружили на правом берегу Енисея могильник Сарыг-Булун. Он представлял собой восемь курганов диаметром от 8 до 15 метров. В одном из погребений археологи обнаружили частично мумифицированные останки ребенка, которые находились в деревянной колоде. Вместе с ним лежал ряд хорошо сохранившихся древних артефактов, в том числе лук, колчан и десять стрел. Изначально ученые считали, что это останки мальчика, умершего в возрасте 12–13 лет, однако палеогенетики секвенировали ядерную ДНК ребенка и установили, что это была девочка.Исследователи получили около полутора десятков рентгеновских снимков, охватывающих разные области тела. Ученые заметили, что останки ребенка претерпели некоторые посмертные изменения, полученные, видимо, во время извлечения и транспортировки мумии. Больше всего пострадал грудной отдел позвоночника. На снимке черепа биоархеологи увидели две генерации зубов, что позволило уточнить возраст ребенка на момент смерти — около шести—семи лет. Ранее же считалось, что погребение принадлежало подростку.На метафизах плечевых костей ученые обнаружили балки костного вещества, свидетельствующие о регулярных физических нагрузках на руки, что не свойственно современным детям такого возраста. На бедренных и правой большеберцовой костях биоархеологи нашли свидетельства резкого голодания или лихорадочного состояния, которое ребенок испытал как минимум за год до своей смерти. Никаких следов переломов или травм исследователи не заметили, однако на левой бедренной кости они обнаружили признаки недостатка витамина D, то есть рахита. Это подтверждается и искривлением левой лучевой кости. Кроме того, возможно, ребенка рано приучали к верховой езде.На снимках ученые также увидели рядом с левой рукой девочки железное кольцо, которое, видимо, ей надели после смерти. Кроме того, у правой малоберцовой кости находился металлический предмет похожий на скобку, а у кисти правой руки лежал металлический артефакт в виде ножа.Исследование митохондриального генома показало, что девочка была носителем гаплогруппы D4g2. В современном мире носители гаплогруппы D в основном проживают в Восточной Евразии. Например, в Северной Азии таких людей около 16 процентов, в Восточной — примерно 15 процентов, а в Центральной — около 13 процентов. Кроме того, антропологическое исследование показало, что форма резцов этой девочки соответствует современным популяциям монголоидной расы и практически не встречается у европеоидов.","Археология
Антропология",['2.9']
https://nplus1.ru//news/2021/12/10/hiv-mrna,2021-12-10,Анастасия Кузнецова-Фантони,,мРНК-вакцину против ВИЧ испытали на макаках,"Американские ученые разработали вакцину от ВИЧ на основе мРНК. В доклинических испытаниях на макаках препарат снизил риск заразиться вирусом на 79 процентов. Вакцина все еще нуждается в доработке — она не генерирует оптимальные для защиты уровни антител, а кроме этого, ее надо вводить многократно. Исследование опубликовано в Nature Medicine.Пандемия ВИЧ длится уже более сорока лет и, если с появлением SARs-CoV-2, ученым удалось разработать прививку менее чем за год, то с вакциной против ВИЧ дело оказалось намного сложнее. Вирус иммунодефицита очень быстро мутирует (даже внутри одного человека), а также защищает себя от распознавания антителами гликановым щитом.Все вакцины против ВИЧ потерпели неудачу в доклинических и клинических исследованиях. Ближе всего к задуманному подобралась комбинация векторной вакцины с пептидной вакциной — в клинических испытаниях в Таиланде она показала эффективность в 30 процентов. Несмотря на первые обнадеживающие результаты, препарату не удалось повторить их в других исследованиях с участием людей. Сейчас на разных стадиях клинических испытаний находятся несколько вакцин от ВИЧ, в том числе и препарат, разработанный новосибирским центром «Вектор».В скором времени в этом списке может появиться еще и мРНК-вакцина от ВИЧ — мРНК заставляют организм производить вирусоподобные частицы, которые не могут размножаться, но обучают иммунную систему распознавать их. Ученые из Национального института аллергии и инфекционных заболеваний США во главе с Паоло Луссо (Paolo Lusso) рассказали о результатах доклинических испытаний. Исследования проводили на мышах и макаках: животным ввели мРНК, кодирующую информацию о белке ВИЧ Env и белке Gag вируса иммунодефицита обезьян.Сначала исследователи убедились, что вакцина вызывает выработку антител: их обнаружили у всех исследованных мышей (8 животных). Когда биологи ввели только мРНК, кодирующую белок Env, антитела нашли только у пяти из восьми мышей.Далее вакцину испытали на макаках. После первой иммунизации смесью мРНК, кодирующей Env и Gag одного из вариантов ВИЧ, обезьянам через каждые восемь недель вводили Env от двух других вариантов вируса, чтобы усилить иммунный ответ. После окончания курса прививок обезьян заразили вирусом иммунодефицита обезьян, вводя его ректально каждую неделю.Через 13 недель две из семи обезьян в вакцинированной группе остались здоровы, а в группе, которую не прививали, заразились все животные (7 особей). Кроме этого, обезьяны из вакцинированной группы заразились вирусом иммунодефицита позже, чем непривитые животные (в среднем через 8 недель и через 3 недели соответственно). Исследователи рассчитали, что вакцина снижает риск заразиться вирусом иммунодефицита при встрече с ним на 79 процентов.Биологи планируют улучшить качество образующихся вирусоподобных частиц, чтобы увеличить эффективность препарата. В будущем они хотят снизить число вакцинных доз, необходимых для формирования иммунитета. Пока неизвестно, когда вакцину пустят в клинически испытания.",Медицина,['4.1']
https://nplus1.ru//news/2021/12/10/oystamaran,2021-12-10,Василиса Чернявцева,,Робокатамаран перевернет садки с устрицами,"Студенты из Массачусетского технологического института создали и протестировали роботизированный катамаран Oystamaran для устричных ферм. Он переворачивает садки с устрицами, чтобы водоросли и другие морские организмы не блокировали моллюскам приток воды. Один из способов выращивания устриц — в садках, которые плавают на поверхности воды. До того, как моллюски созреют, вес садков достигает 27-32 килограмм. Пока садки находятся в воде, на их нижней части нарастают водоросли, усоногие и другие морские организмы. Они блокируют приток воды, необходимый устрицам для роста. Поэтому садки нужно переворачивать, примерно 11 раз в год, чтобы обрастания высыхали на солнце и воздухе и отваливались. Сейчас эту работу выполняют фермеры на каяках. Студенты из Массачусетского технологического института под руководством Мишель Корнберг, которая уже выпустилась, создали электрический катамаран Oystamaran для работы на устричных фермах. Он захватывает садок с устрицами так, что тот оказывается между двумя поплавками, а потом с помощью манипулятора его переворачивает. Сейчас Oystamaran выполняет большую часть работы в режиме дистанционного управления. Его уже тестировали на устричной ферме Ward Aquafarms. Студенты работают, чтобы сделать Oystamaran полностью автономным. ",Роботы и дроны,['1.8']
https://nplus1.ru//news/2021/12/10/mammoth-steppe,2021-12-10,Михаил Подрезов,,Канадские мамонты пережили ледниковый период,"Ученые из Канады и США прочитали древнюю ДНК из отложений, образцы которых взяли в Клондайке, и обнаружили, что дикие лошади и шерстистые мамонты, возможно, вымерли в регионе меньше шести тысяч лет назад. Они подчеркнули, что достоверно эти животные присутствовали в регионе по меньшей мере до 9700–9200 лет назад. Кроме того, ученые уточнили, как менялась древняя флора в регионе на рубеже плейстоцена и голоцена. Результаты исследования опубликованы в журнале Nature Communications.В эпоху позднего плейстоцена и раннего голоцена в Северной Евразии и Берингии выделяется два этапа вымирания мегафауны, к которой относятся животные с массой тела более 44 килограмм. Первый произошел до и во время максимума последнего оледенения (около 26,5–19 тысяч лет назад), когда исчезли, в частности, прямобивневый лесной слон (Paleoloxodon antiquus), европейский бегемот (Hippopotamus antiquus), европейский водяной буйвол (Bubalus murrensis), саблезубые кошки гомотерии (Homotherium) и неандертальцы (Homo neanderthalensis). Вторая волна произошла в период между 15 и 10 тысячами лет назад, когда в большинстве регионов исчезли дикие лошади (Equidae), шерстистые носороги (Coelodonta antiquitatis) и мамонты (Mammuthus primigenius), а также пещерные львы (Panthera spelaea).Среди ученых нет единого мнения о причинах вымирания мамонтов (подробнее о которой можно прочитать в нашем блоге «О мамонтовой фауне»). Ряд исследователей видят в этом последствие широкого расселения людей современного анатомического типа (H. sapiens). Кроме того, потепление, начавшееся на рубеже плейстоцена и голоцена, серьезно изменило окружающую среду, в частности, значительно сократились пригодные для проживания этих животных территории — мамонтовые степи. Так, последние мамонты жили небольшими популяциями в маленьких рефугиумах и вымерли на острове Врангеля около 3700 лет назад, а на Таймыре — около 3900 лет назад.В ходе исследования ученые обнаружили больше всего ДНК степных зубров (Bison priscus), шерстистых мамонтов (Mammuthus primigenius), диких лошадей (Equus sp.) и белых куропаток (Lagopus lagopus). Меньше оказались представлены карибу (Rangifer tarandus) и овцы (Ovis sp.). Кроме того, в выборку попало небольшое количество ДНК серых волков (Canis lupus), куниц (Martes sp.) и грызунов — сусликов (Urocitellus sp.), желтощеких полевок (Microtus xanthognathus) и гренландских леммингов (Dicrostonyx groenlandicus).Ученые заметили, что около 20 тысяч лет назад количество ДНК мамонтов в отложениях начало снижаться. По мнению исследователей, большая часть мегафауны исчезла в Клондайке около 13–10 тысяч лет назад. Однако самой поздней ДНК лошадей и мамонтов оказалось всего около шести тысяч лет. Хотя ученые подчеркнули, что эта датировка достаточно ненадежна, но лошади и мамонты присутствовали в Клондайке как минимум до 9700–9200 лет назад.Исследование ДНК растений, обнаруженных в отложениях, показало, что между 13500 и 10000 лет назад произошла смена флоры региона. На смену плейстоценовым травам, которые были типичны для мамонтовой степи, пришли древесные таксоны — ива (Salix), тополь (Populus), береза (Betula) и ель (Picea), а также хвощи (Equisetum), папоротники (Gymnocarpium) и торфяные мхи (Sphagnum). После сокращения мегафауны в Клондайке увеличилась популяция грызунов, что привлекло туда охотников на мелких животных, например, куниц.","Палеонтология
Генетика",['3.8']
https://nplus1.ru//news/2021/12/10/crucifixion,2021-12-10,Михаил Подрезов,,Археологи впервые нашли в Британии останки распятого римлянами человека,"Археологи раскопали неподалеку от Кембриджа римское поселение и пять небольших некрополей. В одной из могил находились останки мужчины 25–35 лет со следами многочисленных травм, которого около 130–360 годов нашей эры казнили через распятие. Это первый известный в археологии случай, обнаруженный в Британии, и четвертый — в мире. Результаты исследований представлены в журнале British Archaeology.В римском праве была сформирована широкая система наказаний для преступников и правонарушителей. Так, за тяжкие преступления (капиталии) предусматривались самые серьезные наказания – смертная казнь, членовредительство или ссылка на каторгу. Во времена Римской империи широко распространились разные виды смертной казни, например, обезглавливание, утопление, повешение или распятие (подробнее узнать о том, за что казнили в разных культурах самыми изощренными способами, можно в нашем материале «Вас казнили»).Одним из самых жестоких и известных способов лишить человека жизни выступает распятие, которое применялось в Вавилоне, Древней Греции и Карфагене. Римляне пошли еще дальше, сделав распятие основным видом позорной и мучительной смерти для особо опасных преступников, например, для бунтовщиков, разбойников и беглых рабов. Так, после восстания Спартака около шести тысяч пленных рабов были распяты на крестах вдоль Аппиевой дороги. В ходе этой казни жертву привязывали или приколачивали к деревянному кресту, например, Т-образной формы (crux commissa), или простому вертикальному столбу и оставляли умирать.Ученым удалось найти пять небольших некрополей и несколько отдельных захоронений, в которых находились останки 48 человек. Радиоуглеродный анализ и типология керамических сосудов, которые находились в могилах, показали, что погребения относятся к IV веку нашей эры, кроме одного более древнего (I–II века нашей эры) и одного более позднего (возможно, раннего англосаксонского периода). Примечательно, что в пяти могилах находились куриные кости, которые, видимо, считались достаточно редким и экзотичным видом птиц.Сохранность костей оказалась достаточно плохой, поэтому почти у четверти людей нельзя определить пол и возраст. Исследователи идентифицировали останки пяти детей. Среди взрослых количество мужчин и женщин было примерно одинаковым. Средний рост мужчин составил 168 сантиметров, а женщин — 158 сантиметров. Генетический анализ показал, что в соседних могилах нередко находились останки близких родственников.Исследование костей показало, что большинство людей страдали стоматологическими заболеваниями. Кроме того, у некоторых индивидов наблюдались остеоартрит, дегенеративный артрит, изменения в костях позвоночника, cribra orbitalia — свидетельство железодефицитной анемии. Вероятно, среди местного населения была высокая заболеваемость малярией, так как поселение располагалось рядом с болотом.Второй скелет ученые датировали 130–360 годами нашей эры. Он находился в положении лежа на спине со скрещенными в локтях руками. Рядом с ним археологи нашли 12 железных гвоздей и остатки древесины (возможно, деревянных носилок). Исследование показало, что останки принадлежали мужчине 25–35 лет, на костях которого находились свидетельства большого количества травм и патологий. Часть из них указывала на то, что мужчину, возможно, долгое время держали связанным или в кандалах.Во время промывки костей скелета в лаборатории ученые обнаружили 13-й гвоздь, который был горизонтально вбит в правую пяточную кость. По мнению исследователей, этот случай представляет собой первый археологический пример распятия человека, обнаруженный на Британских островах, и четвертый — во всем мире. Хотя этот вид казни был распространен в Римской империи, остеологические доказательства встречаются крайне редко — жертв обычно просто привязывали к перекладине. Ученые отметили, что по большей части этот жестокий вид казни был запрещен для граждан в 212 году нашей эры, но это не касалось рабов.","Археология
История",['3.1']
https://nplus1.ru//news/2021/12/10/iucn-40000,2021-12-10,Сергей Коленов,,Количество видов под угрозой вымирания превысило 40000,"Международный союз охраны природы опубликовал третье в этом году обновление списков. Число видов, получивших природоохранный статус, составило 142577. Из них под угрозой вымирания находятся 40084 вида. Основное внимание в этом обновлении уделено обитателям пресноводных экосистем. В частности, специалисты рассчитали, что из примерно 6000 видов стрекоз шестнадцать процентов относятся к угрожаемым. А пиренейская выхухоль получила статус вымирающего вида. Кроме того, были обновлены статусы многих видов птиц: например, мелкий сокол кобчик стал уязвимым видом, на одну ступень приблизившись к вымиранию.Международный союз охраны природы (International Union for Conservation of Nature and Natural Resources, IUCN) начиная с 1960 годов ведет список, который содержит информацию о положении десятков тысяч представителей флоры и фауны. Каждому виду в нем присвоен один из семи статусов, в зависимости от того, насколько велика угроза его существованию: от вызывающих наименьшие опасения (Least Concern) до вымерших (Extinct). Виды со статусами уязвимых (Vulnerable), вымирающих (Endangered) и находящихся на грани полного исчезновения (Critically Endangered) иногда коллективно называют угрожаемыми или находящимися под угрозой вымирания (исчезновения). В дополнительную категорию выделены виды, для оценки положения которых недостаточно данных (Data Deficient).Финальное в этом году обновление списка вышло девятого декабря. Теперь природоохранный статус есть у 142577 видов. А число угрожаемых видов впервые превысило 40000 — теперь их 40084. В пресс-релизе, посвященном обновлению, специалисты IUCN уделили особое внимание проблемам пресноводных экосистем — рек, озер и болот. Эти природные сообщества сильно страдают от человеческой деятельности: строительства дамб, осушения, загрязнения и чрезмерного вылова рыбы. Неудивительно, что многие связанные с ними растения и животные оказались на грани исчезновения. Среди них, например, стрекозы (Odonata), личинки которых развиваются в воде. По оценке IUCN, из примерно шести тысяч ныне живущих видов стрекоз под угрозой исчезновения находятся шестнадцать процентов. Особенно тяжелая ситуация сложилась в Южной и Юго-Восточной Азии, где из-за расчистки водно-болотных угодий и сведения лесов для развития сельского хозяйства под угрозой оказались более четверти видов стрекоз. Некоторые виды этих насекомых и вовсе вымерли. Например, в этом году IUCN признал исчезновение стрекозы Sympetrum dilatatum с острова Святой Елены. В последний раз ее видели в 1963 году.Положение других пресноводных видов также ухудшается. Численность пиренейской выхухоли (Galemys pyrenaicus), обитающей в горных реках и озерах Франции, Андорры, Испании и Португалии, за последние десять лет сократилась на 50 процентов. В результате ее статус был повышен с уязвимого вида до вымирающего (такой же статус уже несколько лет присвоен и русской выхухоли (Desmana moschata)). Главными угрозами для пиренейских выхухолей специалисты считают строительство дамб и гидроэлектростанций, а также забор воды для нужд сельского хозяйства. Кроме того, эти зверьки страдают от распространения инвазивных видов, загрязнения, незаконной рыбалки с использованием сетей и взрывчатки, а также антропогенных изменений климата.В ходе нынешнего обновления IUCN впервые в этом году пересмотрел природоохранные статусы многих видов птиц. Для пернатых итоги года оказались смешанными. Что касается некоторых распространенных в России видов, то луговые коньки (Anthus pratensis) вернулись в категорию видов, вызывающих наименьшие опасения; а сокол кобчик (Falco vespertinus) переместился на одну ступень ближе к вымиранию: теперь это уязвимый вид (в основном он страдает от развития сельского хозяйства, в том числе использования пестицидов). В категорию уязвимых видов попали и японские журавли (Grus japonensis), однако в их случае произошло понижение статуса — раньше они относились к вымирающим видам. Среди пернатых, о которых недавно писал N + 1, повышен природоохранный статус гарпии (Harpia harpyja) (теперь это уязвимый вид) и малео (Macrocephalon maleo) (он получил статус вида на грани полного исчезновения — это последняя ступень до вымирания или вымирания в дикой природе).Все изменения, внесенные в списки IUCN в 2021 году, собраны в этом файле.","Зоология
Экология и климат",['2.7']
https://nplus1.ru//news/2021/12/10/droplets-hydrophobic,2021-12-10,"В
прошлом месяце американские
и чешские химики
выяснили,
как анионы влияют на растворимость
полимеров в
воде.
Оказалось, что с
ионами выгодно взаимодействовать
тем
полимерам,
у
которых
плоская структура деформирует сеть
водородных связей воды.",,Химики разобрались в отрицательных зарядах на каплях гидрофобных жидкостей в воде,"
Швейцарские химики
выяснили, почему поверхность капель
жидких
углеводородов
в воде имеет отрицательный заряд.
Оказалось, что причина — в
частичном
переносе
отрицательного заряда с
кислорода воды на СH-группы
углеводородов.
Результаты
исследования опубликованы
в журнале
Science.

Гидрофобными
называют
жидкости, которые не
смешиваются с водой — например,
нефть, и другие жидкие углеводороды.
Ученые
уже давно знают,
что поверхность
капель
таких
жидкостей в воде имеет
преимущественно
отрицательный
дзета-потенциал, то есть их поверхность заряжена отрицательно. А
вот однозначно объяснить, почему
так происходит, до сих пор никому не
удавалось.
Сначала
считалось, что отрицательный заряд
обеспечивают гидроксил-ионы
(OH-)
которые адсорбируются на поверхность
таких капель. Однако, экспериментальных
подтверждений
у
этой версии
не было,
да
и сама идея выглядела сомнительной:
гидроксил-ионы небольшие, плохо
поляризуются, и
им выгоднее находиться в гидратированном
состоянии среди молекул воды, а
не прилипать
к поверхности гидрофобной жидкости.
Позже
возникла
другая версия — отрицательный заряд
на
поверхности возникает из-за появления
ассиметричных водородных связей и
перераспределения
электронной плотности. Эту
версию
подтверждали
результаты теоретического моделирования,
но вот полноценного
экспериментального обоснования у нее
тоже
не
было.Окончательно
разобраться
в вопросе сумели швейцарские
химики под руководством Сильви
Рок (Sylvie
Roke)
из
Федеральной Политехнической Школы
Лозанны.
Ученые
изучили, как
ведет себя вода
вблизи поверхности капель гексадекана
(C16H34)
и
додекана (С12H26)
с
помощью метода
колебательной спектроскопии
с
генерацией суммарной частоты.С
помощью ультразвука ученые
получили воду
со взвесью капель
гексадекана
средним диаметром 200 нанометров. Чтобы
не перепутать,
какой водород относится к воде, а какой
к гексадекану,
вместо обычной
воды
взяли дейтерированную
(D2O).
Для
сравнения также изучили
воду с воздушными
каплями
схожего размера.Физики изучили колебательные спектры
для воды на
границе
капель гексадекана и воздуха.
У воды на границе капель гексадекана
пики
колебания
длины
OD-связей оказались смещены
в область более низких частот — это
значит, что в этой воде водородные связи
между
соседними молекулами были
сильнее. Кроме
того, у воды на
границе
воздушных
капель
обнаружилась
еще
и фракция, которая вообще не участвует
в образовании водородных
связей
(узкий
пик
около 2745 см-1),
а вот у воды вблизи гексадекана такой
фракции не
было.Рок
и ее коллеги
предположили, что у
воды вблизи капель гексадекана
пропавший
пик
несвязанной
воды
около
2745 см-1
может
быть смещен в сторону меньших частот — около
2650 см-1.
В
этой области
действительно
можно
заметить
небольшой пик (на
рисунке он отмечен пунктиром),
который почти
полностью скрыт
под плечом более интенсивного пика.
Причиной
такого смещения
может
быть
взаимодействие
воды
с гексадеканом и
частичная передача отрицательного
заряда.
Чтобы
подтвердить эту теорию, ученые
изучили ИК-спектр капель
гексадекана и
обнаружили там соответствующий сдвиг
только с противоположным знаком.Результаты
теоретического
моделирования
методом
молекулярной динамики
подтвердили
предположение
ученых. Молекулы
воды в радиусе 5 Анстремов от поверхности
капли углеводорода ориентировали
свои неподеленные пары электронов
в сторону
капли.Таким
образом, неподеленные пары электронов
молекулы воды образуют слабые водородные
связи с СH-группами
углеводорода, передавая им частичный
отрицательный заряд. Образующиеся
C—H⋅⋅O H (в
данном эксперименте C—H⋅⋅O D,
потому
что авторы использовали дейтерированную
воду) связи
и
обеспечивают
отрицательный дзета-потенциал на
поверхности капель.",Химия,['5.9']
https://nplus1.ru//news/2021/12/09/gull-string-pull-test,2021-12-09,Сергей Коленов,,Чайки потянули за веревку и достали кусочек сосиски,"Орнитологи выяснили, что делавэрские чайки, распространенные в Северной Америке, способны решать сложные задачи. В эксперименте этим птицам необходимо было потянуть за веревку, чтобы вытащить из прозрачной коробки чашку Петри с кусочком сосиски. Среди примерно ста особей, попытавшихся добыть сосиску, двадцать шесть успешно справились с этой задачей. Как отмечается в статье для журнала Royal Society Open Science, делавэрская чайка — первый вид околоводных птиц, для которого продемонстрировано умение вытягивать пищу за веревку.Чайки регулярно осваивают непривычные местообитания и источники пищи. Например, эти птицы все чаще селятся в городах. Здесь они учатся отслеживать взгляды людей и синхронизируют время кормления с человеческой деятельностью. Новые навыки периодически появляются у чаек и в дикой природе. Так, доминиканские чайки (Larus dominicanus) из популяции, обитающей на побережье Аргентины, в последние десятилетия начали нападать на южных гладких китов (Eubalaena australis) и выклевывать у них куски мяса. Более того, иногда чайки, возможно, используют примитивные инструменты и даже ловят рыбу на приманку.Несмотря на то, что чайки демонстрируют удивительную поведенческую гибкость, орнитологи редко исследуют их интеллект (предпочитая работать с врановыми и попугаями). Вероятно, от этих птиц просто не ожидают выдающихся когнитивных способностей, ведь относительный размер их мозга невелик. В литературе описаны лишь несколько экспериментальных проверок чаячьего интеллекта. В одном из таких исследований атлантические чайки (Larus atlanticus) не смогли достать еду из прозрачной коробки, накрытой крышкой. В другом две живущие в неволе серокрылые чайки (L. glaucescens) не догадались потянуть за веревку и вытащить кусочек корма. В то же время антарктические поморники (Stercorarius antarcticus), представители родственного чайкам семейства поморниковых (Stercorariidae) успешно прошли испытание, в котором им нужно было методом исключения вычислить, в какой из двух непрозрачных чашек находится пища.Орнитологи из Мемориального университета Ньюфаундленда Джессика Ламарр (Jessika Lamarre) и Дэвид Уилсон (David R. Wilson) решили оценить когнитивные способности широко распространенных в Северной Америке делавэрских чаек (Larus delawarensis). Эти птицы нередко селятся рядом с человеком и переходят на кормление пищевыми отходами (в то время как их естественный рацион состоит из рыбы).Ламарр и Уилсон выбрали четыре колонии делавэрских чаек, расположенные в разных частях острова Ньюфаундленд: от городской застройки до удаленной от человеческих поселений местности. В конце июня 2020 года, когда птицы заканчивали насиживать яйца, исследователи поймали, пометили цветными кольцами и отпустили около 130 взрослых особей из разных колоний. Затем гнездо каждой из этих чаек огородили импровизированными занавесом из мешковины — чтобы спокойно провести эксперименты, не опасаясь, что соседи разорят их кладки или съедят птенцов по вине орнитологов. Кроме того, эта преграда снижала риск, что чайки научатся проходить испытания на интеллект за счет социального обучения, подсматривая друг за другом. При этом занавес не мешал чайкам покидать гнездо и возвращаться на него.Исследователи предложили чайкам классическую задачу на интеллект. В ходе экспериментов они помещали рядом с каждым гнездом прозрачную коробку, внутри которой находилась чашка Петри с кусочком сосиски. К чашке прикрепили веревку красного цвета, кончик которой торчал из коробки. Потянув за веревку, птица могла вытянуть чашку и получить доступ к пище. Сначала к каждому гнезду четыре раза на тридцать минут помещали коробку, в которой сосиска лежала недалеко от входа и ее можно было достать клювом. Так птиц приучали ассоциировать установку с едой. Затем каждой особи по одному разу в течение пятнадцати минут демонстрировали коробку, в центре которой находилась чашка Петри с сосиской. Добраться до нее можно было, вытянув чашку за веревку или открыв крышку коробки. При этом, чтобы заинтересовать чаек, исследователи размещали около входа в коробку второй кусочек сосиски, который можно было достать клювом. Реакцию птиц на пятое испытание фиксировали на камеру.После того, как чайки привыкли в установке, Ламарр и Уилсон приступили к экспериментам. Рядом с каждым гнездом они помещали коробку с чашкой Петри, кусочком сосиски и красной веревкой (при этом авторы, как и прежде, оставляли легкодоступный кусочек сосиски рядом со входом в коробку). Затем исследователи уходили на десять минут, давая чайкам время вернуться к гнезду и пройти тест. Как и ранее, поведение испытуемых птиц фиксировали с помощью установленной рядом с гнездом камеры. Особей из каждого гнезда подвергли трем таким тестам в разное время суток.Результаты исследования демонстрируют, что делавэрские чайки способны решать задачу по вытягиванию корма за веревку. Это первый вид околоводных птиц, для которого удалось доказать данное умение (ранее его фиксировали почти исключительно у воробьинообразных и попугаев). Ламарр и Уилсон отмечают, что в целом интеллектуальные способности чаек и других околоводных птиц остаются слабо исследованными, несмотря на то что эти пернатые нередко проявляют поведенческую гибкость, долго живут и держатся группами, что повышает шансы на социальное обучение. Авторы надеются, что их работа вдохновит коллег-орнитологов на более тщательное исследование данного вопроса.",Зоология,['4.5']
https://nplus1.ru//news/2021/12/09/c-elegans-dwelling,2021-12-09,Анна Муравьёва,,Черви выбрали пищевое поведение с помощью простой нейронной цепи,"Исследователи описали нейронную цепь, которая позволяет червям выбирать между оседлым и подвижным пищевым поведением. Для этого ученые записали активность нейронов нематод в обоих состояниях и проанализировали ее при помощи нейросетевого классификатора. Оказалось, существует нейрон, способный переключать цепи, соответсвующие двум состояниям, на основе запаха еды. Препринт исследования опубликован на сайте журнала eLife. Нематоды Caenorhabditis elegans, как и другие животные, способны долгое время поддерживать типы поведения: например, сон, питание или агрессия. В то же время червям важно быстро реагировать на меняющиеся условия среды и изменять свое поведение соответственно им. Однако до сих пор не до конца понятно, как нейроны нематод управляют таким переключением. Например, при питании — обычно черви едят бактерии — животные могут находиться в двух состояниях: оседлом (dwelling) и подвижном (roaming). Каждое из состояний может длиться до десяти минут, а переключение зависит от уровня сытости, сенсорных стимулов или даже запахов. Известно, что на это переключение влияют нейромодуляторы — серотонин (стимулирует подвижность) и пигментный дисперсный фактор (ПДФ, стимулирует оседлость). Исследователи из Массачусетского технологического института под руководством Ни Жи (Ni Ji) определили нейронную цепь, которая выполняет нейромодуляторное переключение. Для этого биологи сначала записали активность десяти нейронов у свободно двигающихся червей. В число этих клеток вошли те, что производят нейромодуляторы серотонин и ПДФ, либо рецепторы к ним, а также связанные с такими нейронами клетки и нейроны передвижения.Из-за того, что в состоянии подвижности черви часто меняют направление движения на противоположное, биологи в первую очередь проверили, как активность выбранных нейронов зависит от его изменения. Естественную нейронную сеть нематод проанализировали при помощи нейросети-классификатора — оказалось, паттерны активности нейронов в двух состояниях отличались достаточно, чтобы отличить их с эффективностью более 95 процентов. После этого биологи оценили, как система нейромодуляторов воздействует на паттерны активности каждого из состояний. Для этого работу нейронов записали снова — но уже у нематод со «сломанными» генами систем нейромодуляторов: серотонина, ПДФ или обоих. Исследователи обнаружили, что активность нейрон а NSM у животных без мутаций коррелирует с замедлением — то есть с оседлостью и, соответсвенно, работой серотониновой системы. У мутантов без мутаций нейрон был активен меньшее количество времени. Дальнейшие исследования мутантов позволили найти еще один нейрон — MOD-1 — который взаимно ингибировал NSM. Таким образом, NSM — серотониновый нейрон, который способен усиливать сам себя через подавление MOD-1.","Биология
Зоология
Нейронауки",['6.1']
https://nplus1.ru//news/2021/12/09/threaten-tiger-and-jaguar,2021-12-09,Марина Попова,,ГЭС в низинных тропиках оказались угрозой для местообитаний тигра и ягуара,"164 плотины в Центральной и Южной Америке и 421 плотина в Азии затопили низинные тропические леса на десятках тысяч квадратных километров, и этим уже лишили мест обитания 0,53 процента всех ягуаров и более 20 процентов всех тигров. В будущем ущерб популяциям этих видов может увеличиться, потому что в их ареалах планируют возвести еще 429 и 41 плотину соответственно. Результаты исследования опубликованы в журнале Nature Communications. Развитие гидроэнергетики в прошлом столетии стало одним из главных факторов фрагментации, деградации и утраты среды обитания живых организмов в мире. На текущий момент в стадии разработки находятся более 3700 плотин ГЭС, многие из которых планируется построить в тропических странах, которые вносят наибольший вклад в биоразнообразие. Это представляет опасность для низинных тропических лесов, где водохранилища могут затопить большие площади. Среда обитания живых организмов в наземных экосистемах будет частично утеряна из-за наводнения, и плотности их популяций в окружающих ландшафтах снизятся, особенно при этом могут пострадать хищники, которым требуются значительные площади нетронутых ландшафтов с высокой плотностью популяций жертв. Ана Филипа Палмейрим (Ana Filipa Palmeirim) и Люк Гибсон (Luke Gibson) из Южного университета науки и технологий в Шэньчжэне исследовали, как строительство ГЭС отразилось на местообитаниях тигра Panthera tigris и ягуара Panthera onca. Эти виды были выбраны, потому что занимают экологические ниши крупных хищников в палеотропическом и неотропическом царствах (в этом случае под царством подразумевается единица биогеографического районирования) и уже находятся под угрозой: тигры относятся к вымирающим, а ягуары близки к уязвимому положению.Для анализа были собраны данные о строительстве и эксплуатации ГЭС, а также изменениях в земле- и водопользовании на окружающих их территориях в тропических странах Азии (Бангладеш, Бутан, Камбоджа, Индия, Индонезия, Лаос, Малайзия, Мьянма, Непал, Таиланд и Вьетнам), Центральной и Южной Америки (Аргентина, Белиз, Боливия, Бразилия, Колумбия, Коста-Рика, Эквадор, Французская Гвиана, Гватемала, Гайана, Гондурас, Мексика, Никарагуа, Панама, Парагвай, Перу, Суринам и Венесуэла). При этом Россия и Китай в исследование не вошли, потому что в местах обитания тигров на их территориях не развита гидроэнергетика.Оказалось, что в неотропиках уже 25397 квадратных километров внутри ареала ягуара затоплено в результате работы 164 плотин. В палеотропиках 421 плотина перекрыла ареал тигров на 13750 квадратных километров. При этом в ближайшие десятилетия гидроэнергетическая инфраструктура в местах обитания хищников расширится: в местообитаниях ягуара на 429 плотин, тигра — на 41 плотину. С учетом утраты мест обитания, от работы ГЭС потенциально пострадало уже порядка 915 ягуаров (0,53 процента их общей численности) и 729 тигров (20,8–22,8 процентов их общей численности). Авторы отметили, что ожидающееся строительство новых плотин может ударить по ним еще сильнее, и это важно учитывать при топографическом планировании развития гидроэнергетики.",Экология и климат,['2.4']
https://nplus1.ru//news/2021/12/09/emojich,2021-12-09,Григорий Копиев,,Сбер научил нейросеть генерировать эмодзи по текстовому описанию,"Сбер научил нейросеть создавать новые эмодзи по текстовому описанию. Она работает на основе нейросетевой модели ruDALL-E, представленной в ноябре. Нейросеть доступна в разных видах, в том числе в виде бота в Telegram, который может преобразовать получившиеся изображения в набор стикеров.В начале 2021 года OpenAI представила две связанные, но выполняющие обратные задачи нейросети: CLIP и DALL-E. Обе сети обучались на огромном количестве текстов и изображений, благодаря чему они научились связывать текстовое и визуальное представления одних и тех же объектов и понятий. CLIP подбирает текстовое описание для данного ей изображения, а DALL-E наоборот генерирует изображение по данному ей текстовому описанию.Летом Сбер создал русскоязычную реализацию нейросети CLIP — ruCLIP, а в ноябре представил аналогичную адаптацию DALL-E — ruDALL-E. Теперь разработчики дообучили ruDALL-E, чтобы она могла генерировать не любые изображения, а эмодзи. В основе новой модели под названием Emojich лежит оригинальная модель ruDALL-E Malevich (XL) с 1,3 миллиарда параметров, обученная на 120 миллионах пар «изображение-описание». Примечательно, что для дообучения использовался несопоставимый по размеру объем данных — всего 2749 пар «эмодзи-описание». В результате модель научилась создавать изображения произвольных объектов и понятий, выполненные в стиле эмодзи.",IT,['2.2']
https://nplus1.ru//news/2021/12/09/mojave,2021-12-09,Василиса Чернявцева,,Американскому беспилотнику Mojave не понадобятся взлетно-посадочные полосы,"Американская компания General Atomics Aeronautical Systems представила беспилотник Mojave укороченного взлета и посадки. Как сообщает FlightGlobal, он сможет подниматься в воздух и садиться на грунт, песок или палубу авианосца.General Atomics стоит за разработкой целого ряда беспилотников, от ударных вроде MQ-1C Gray Eagle до разведывательных, как Altius-600. В том числе, эта компания создала MQ-9 Reaper — основу парка ударных беспилотных летательных аппаратов на вооружении ВВС США. Mojave, который General Atomics представила 9 декабря, внешне напоминает Reaper и Gray Eagle. От них новому беспилотнику досталась авионика и системы управления полетом. К тому же, его построили на базе фюзеляжа последней модели Gray Eagle, которая отличается увеличенной дальностью полета. Крыло у Mojave не заимствованное, с отклоняемыми предкрылками и двухщелевыми закрылками для максимальной подъемной силы. Оно в целом шире по сравнению с Gray Eagle и Reaper. При этом размах у него чуть меньше, чем у них — 15,8 метра.Главная особенность Mojave — умение взлетать и садиться на нестандартные взлетно-посадочные полосы. Например, с грунтовой дороги, песка или высохшего русла реки. Для взлета и посадки беспилотнику достаточно 152 метров, что также позволяет использовать его на авианосцах или даже универсальных десантных кораблях. Mojave получил турбовинтовой двигатель мощностью 450 лошадиных сил и может летать более 25 часов. Беспилотник способен нести до 1,6 тысячи килограмм полезной нагрузки. У него есть внешние подвески для 16 ракет AGM-114 Hellfire класса «воздух-поверхность». Сейчас беспилотник продолжает проходить испытания. Его прототип впервые поднялся в воздух этим летом. ","Роботы и дроны
Оружие",['2.8']
